{
	"_version": "1.1.0",
	"resources": [
		{
			"name": "library-RTL.css",
			"size": 812,
			"theme": "sap_belize_plus"
		},
		{
			"name": "library-parameters.json",
			"module": "zcarbonwclib/themes/sap_belize_plus/library-parameters.json",
			"size": 46,
			"theme": "sap_belize_plus"
		},
		{
			"name": "library.css",
			"size": 812,
			"theme": "sap_belize_plus"
		},
		{
			"name": "library.source.less",
			"size": 184,
			"designtime": true,
			"theme": "sap_belize_plus"
		},
		{
			"name": "resources.json",
			"size": 542
		}
	]
}