{
	"_version": "1.1.0",
	"resources": [
		{
			"name": "library-RTL.css",
			"size": 379,
			"theme": "sap_belize_hcw"
		},
		{
			"name": "library-parameters.json",
			"module": "zcarbonwclib/themes/sap_belize_hcw/library-parameters.json",
			"size": 2,
			"theme": "sap_belize_hcw"
		},
		{
			"name": "library.css",
			"size": 379,
			"theme": "sap_belize_hcw"
		},
		{
			"name": "library.source.less",
			"size": 176,
			"designtime": true,
			"theme": "sap_belize_hcw"
		},
		{
			"name": "resources.json",
			"size": 536
		}
	]
}