{
	"_version": "1.1.0",
	"resources": [
		{
			"name": ".library",
			"size": 445
		},
		{
			"name": "CarbonButton-dbg.js",
			"module": "zcarbonwclib/CarbonButton.js",
			"size": 2052,
			"isDebug": true,
			"required": [
				"sap/ui/core/Control.js"
			]
		},
		{
			"name": "CarbonButton.js",
			"module": "zcarbonwclib/CarbonButton.js",
			"size": 639,
			"required": [
				"sap/ui/core/Control.js"
			]
		},
		{
			"name": "CarbonProgressIndicator-dbg.js",
			"module": "zcarbonwclib/CarbonProgressIndicator.js",
			"size": 2032,
			"isDebug": true,
			"required": [
				"sap/ui/core/Control.js",
				"zcarbonwclib/CarbonProgressIndicatorRenderer.js"
			]
		},
		{
			"name": "CarbonProgressIndicator.js",
			"module": "zcarbonwclib/CarbonProgressIndicator.js",
			"size": 714,
			"required": [
				"sap/ui/core/Control.js",
				"zcarbonwclib/CarbonProgressIndicatorRenderer.js"
			]
		},
		{
			"name": "CarbonProgressIndicatorRenderer-dbg.js",
			"module": "zcarbonwclib/CarbonProgressIndicatorRenderer.js",
			"size": 1750,
			"isDebug": true,
			"required": [
				"sap/m/library.js",
				"sap/ui/Device.js",
				"sap/ui/core/InvisibleText.js",
				"zcarbonwclib/CarbonProgressStepRenderer.js"
			]
		},
		{
			"name": "CarbonProgressIndicatorRenderer.js",
			"module": "zcarbonwclib/CarbonProgressIndicatorRenderer.js",
			"size": 452,
			"required": [
				"sap/m/library.js",
				"sap/ui/Device.js",
				"sap/ui/core/InvisibleText.js",
				"zcarbonwclib/CarbonProgressStepRenderer.js"
			]
		},
		{
			"name": "CarbonProgressStep-dbg.js",
			"module": "zcarbonwclib/CarbonProgressStep.js",
			"size": 1645,
			"isDebug": true,
			"required": [
				"sap/ui/core/Control.js",
				"zcarbonwclib/CarbonProgressStepRenderer.js"
			]
		},
		{
			"name": "CarbonProgressStep.js",
			"module": "zcarbonwclib/CarbonProgressStep.js",
			"size": 521,
			"required": [
				"sap/ui/core/Control.js",
				"zcarbonwclib/CarbonProgressStepRenderer.js"
			]
		},
		{
			"name": "CarbonProgressStepRenderer-dbg.js",
			"module": "zcarbonwclib/CarbonProgressStepRenderer.js",
			"size": 1561,
			"isDebug": true,
			"required": [
				"sap/m/library.js",
				"sap/ui/Device.js",
				"sap/ui/core/InvisibleText.js"
			]
		},
		{
			"name": "CarbonProgressStepRenderer.js",
			"module": "zcarbonwclib/CarbonProgressStepRenderer.js",
			"size": 425,
			"required": [
				"sap/m/library.js",
				"sap/ui/Device.js",
				"sap/ui/core/InvisibleText.js"
			]
		},
		{
			"name": "Example-dbg.js",
			"module": "zcarbonwclib/Example.js",
			"size": 1498,
			"isDebug": true,
			"required": [
				"sap/ui/core/Control.js",
				"zcarbonwclib/ExampleRenderer.js",
				"zcarbonwclib/library.js"
			]
		},
		{
			"name": "Example.js",
			"module": "zcarbonwclib/Example.js",
			"size": 444,
			"required": [
				"sap/ui/core/Control.js",
				"zcarbonwclib/ExampleRenderer.js",
				"zcarbonwclib/library.js"
			]
		},
		{
			"name": "ExampleRenderer-dbg.js",
			"module": "zcarbonwclib/ExampleRenderer.js",
			"size": 1080,
			"isDebug": true,
			"required": [
				"sap/ui/core/Core.js",
				"zcarbonwclib/library.js"
			]
		},
		{
			"name": "ExampleRenderer.js",
			"module": "zcarbonwclib/ExampleRenderer.js",
			"size": 424,
			"required": [
				"sap/ui/core/Core.js",
				"zcarbonwclib/library.js"
			]
		},
		{
			"name": "bundle-dbg.js",
			"module": "zcarbonwclib/bundle.js",
			"size": 501462,
			"isDebug": true
		},
		{
			"name": "bundle.js",
			"module": "zcarbonwclib/bundle.js",
			"size": 350750
		},
		{
			"name": "library-dbg.js",
			"module": "zcarbonwclib/library.js",
			"size": 1576,
			"isDebug": true,
			"required": [
				"sap/ui/core/library.js",
				"zcarbonwclib/bundle.js"
			]
		},
		{
			"name": "library-preload.js",
			"module": "zcarbonwclib/library-preload.js",
			"size": 714585,
			"merged": true,
			"required": [
				"sap/m/library.js",
				"sap/ui/Device.js",
				"sap/ui/core/Control.js",
				"sap/ui/core/Core.js",
				"sap/ui/core/InvisibleText.js",
				"sap/ui/core/library.js",
				"zcarbonwclib/bundle.js"
			],
			"included": [
				"zcarbonwclib/CarbonButton.js",
				"zcarbonwclib/CarbonProgressIndicator.js",
				"zcarbonwclib/CarbonProgressIndicatorRenderer.js",
				"zcarbonwclib/CarbonProgressStep.js",
				"zcarbonwclib/CarbonProgressStepRenderer.js",
				"zcarbonwclib/Example.js",
				"zcarbonwclib/ExampleRenderer.js",
				"zcarbonwclib/bundle-dbg.js",
				"zcarbonwclib/library.js",
				"zcarbonwclib/manifest.json"
			]
		},
		{
			"name": "library.js",
			"module": "zcarbonwclib/library.js",
			"size": 497,
			"required": [
				"sap/ui/core/library.js",
				"zcarbonwclib/bundle.js"
			]
		},
		{
			"name": "manifest-bundle.zip",
			"size": 553
		},
		{
			"name": "manifest.json",
			"module": "zcarbonwclib/manifest.json",
			"size": 1000
		},
		{
			"name": "messagebundle.properties",
			"module": "zcarbonwclib/messagebundle.properties",
			"size": 63
		},
		{
			"name": "resources.json",
			"size": 9711
		},
		{
			"name": "themes/base/Example.less",
			"size": 506,
			"designtime": true,
			"theme": "base"
		},
		{
			"name": "themes/base/library-RTL.css",
			"size": 385,
			"theme": "base"
		},
		{
			"name": "themes/base/library-parameters.json",
			"module": "zcarbonwclib/themes/base/library-parameters.json",
			"size": 2,
			"theme": "base"
		},
		{
			"name": "themes/base/library.css",
			"size": 385,
			"theme": "base"
		},
		{
			"name": "themes/base/library.source.less",
			"size": 143,
			"designtime": true,
			"theme": "base"
		},
		{
			"name": "themes/sap_belize/library-RTL.css",
			"size": 784,
			"theme": "sap_belize"
		},
		{
			"name": "themes/sap_belize/library-parameters.json",
			"module": "zcarbonwclib/themes/sap_belize/library-parameters.json",
			"size": 42,
			"theme": "sap_belize"
		},
		{
			"name": "themes/sap_belize/library.css",
			"size": 784,
			"theme": "sap_belize"
		},
		{
			"name": "themes/sap_belize/library.source.less",
			"size": 168,
			"designtime": true,
			"theme": "sap_belize"
		},
		{
			"name": "themes/sap_belize_hcb/library-RTL.css",
			"size": 379,
			"theme": "sap_belize_hcb"
		},
		{
			"name": "themes/sap_belize_hcb/library-parameters.json",
			"module": "zcarbonwclib/themes/sap_belize_hcb/library-parameters.json",
			"size": 2,
			"theme": "sap_belize_hcb"
		},
		{
			"name": "themes/sap_belize_hcb/library.css",
			"size": 379,
			"theme": "sap_belize_hcb"
		},
		{
			"name": "themes/sap_belize_hcb/library.source.less",
			"size": 176,
			"designtime": true,
			"theme": "sap_belize_hcb"
		},
		{
			"name": "themes/sap_belize_hcw/library-RTL.css",
			"size": 379,
			"theme": "sap_belize_hcw"
		},
		{
			"name": "themes/sap_belize_hcw/library-parameters.json",
			"module": "zcarbonwclib/themes/sap_belize_hcw/library-parameters.json",
			"size": 2,
			"theme": "sap_belize_hcw"
		},
		{
			"name": "themes/sap_belize_hcw/library.css",
			"size": 379,
			"theme": "sap_belize_hcw"
		},
		{
			"name": "themes/sap_belize_hcw/library.source.less",
			"size": 176,
			"designtime": true,
			"theme": "sap_belize_hcw"
		},
		{
			"name": "themes/sap_belize_plus/library-RTL.css",
			"size": 812,
			"theme": "sap_belize_plus"
		},
		{
			"name": "themes/sap_belize_plus/library-parameters.json",
			"module": "zcarbonwclib/themes/sap_belize_plus/library-parameters.json",
			"size": 46,
			"theme": "sap_belize_plus"
		},
		{
			"name": "themes/sap_belize_plus/library.css",
			"size": 812,
			"theme": "sap_belize_plus"
		},
		{
			"name": "themes/sap_belize_plus/library.source.less",
			"size": 184,
			"designtime": true,
			"theme": "sap_belize_plus"
		},
		{
			"name": "themes/sap_fiori_3/library-RTL.css",
			"size": 391,
			"theme": "sap_fiori_3"
		},
		{
			"name": "themes/sap_fiori_3/library-parameters.json",
			"module": "zcarbonwclib/themes/sap_fiori_3/library-parameters.json",
			"size": 2,
			"theme": "sap_fiori_3"
		},
		{
			"name": "themes/sap_fiori_3/library.css",
			"size": 391,
			"theme": "sap_fiori_3"
		},
		{
			"name": "themes/sap_fiori_3/library.source.less",
			"size": 170,
			"designtime": true,
			"theme": "sap_fiori_3"
		},
		{
			"name": "themes/sap_fiori_3_dark/library-RTL.css",
			"size": 391,
			"theme": "sap_fiori_3_dark"
		},
		{
			"name": "themes/sap_fiori_3_dark/library-parameters.json",
			"module": "zcarbonwclib/themes/sap_fiori_3_dark/library-parameters.json",
			"size": 2,
			"theme": "sap_fiori_3_dark"
		},
		{
			"name": "themes/sap_fiori_3_dark/library.css",
			"size": 391,
			"theme": "sap_fiori_3_dark"
		},
		{
			"name": "themes/sap_fiori_3_dark/library.source.less",
			"size": 180,
			"designtime": true,
			"theme": "sap_fiori_3_dark"
		},
		{
			"name": "themes/sap_fiori_3_hcb/library-RTL.css",
			"size": 379,
			"theme": "sap_fiori_3_hcb"
		},
		{
			"name": "themes/sap_fiori_3_hcb/library-parameters.json",
			"module": "zcarbonwclib/themes/sap_fiori_3_hcb/library-parameters.json",
			"size": 2,
			"theme": "sap_fiori_3_hcb"
		},
		{
			"name": "themes/sap_fiori_3_hcb/library.css",
			"size": 379,
			"theme": "sap_fiori_3_hcb"
		},
		{
			"name": "themes/sap_fiori_3_hcb/library.source.less",
			"size": 178,
			"designtime": true,
			"theme": "sap_fiori_3_hcb"
		},
		{
			"name": "themes/sap_fiori_3_hcw/library-RTL.css",
			"size": 379,
			"theme": "sap_fiori_3_hcw"
		},
		{
			"name": "themes/sap_fiori_3_hcw/library-parameters.json",
			"module": "zcarbonwclib/themes/sap_fiori_3_hcw/library-parameters.json",
			"size": 2,
			"theme": "sap_fiori_3_hcw"
		},
		{
			"name": "themes/sap_fiori_3_hcw/library.css",
			"size": 379,
			"theme": "sap_fiori_3_hcw"
		},
		{
			"name": "themes/sap_fiori_3_hcw/library.source.less",
			"size": 178,
			"designtime": true,
			"theme": "sap_fiori_3_hcw"
		}
	]
}