{
	"_version": "1.1.0",
	"resources": [
		{
			"name": "library-RTL.css",
			"size": 379,
			"theme": "sap_fiori_3_hcb"
		},
		{
			"name": "library-parameters.json",
			"module": "zcarbonwclib/themes/sap_fiori_3_hcb/library-parameters.json",
			"size": 2,
			"theme": "sap_fiori_3_hcb"
		},
		{
			"name": "library.css",
			"size": 379,
			"theme": "sap_fiori_3_hcb"
		},
		{
			"name": "library.source.less",
			"size": 178,
			"designtime": true,
			"theme": "sap_fiori_3_hcb"
		},
		{
			"name": "resources.json",
			"size": 541
		}
	]
}