{
	"_version": "1.1.0",
	"resources": [
		{
			"name": "library-RTL.css",
			"size": 784,
			"theme": "sap_belize"
		},
		{
			"name": "library-parameters.json",
			"module": "zcarbonwclib/themes/sap_belize/library-parameters.json",
			"size": 42,
			"theme": "sap_belize"
		},
		{
			"name": "library.css",
			"size": 784,
			"theme": "sap_belize"
		},
		{
			"name": "library.source.less",
			"size": 168,
			"designtime": true,
			"theme": "sap_belize"
		},
		{
			"name": "resources.json",
			"size": 517
		}
	]
}