{
	"_version": "1.1.0",
	"resources": [
		{
			"name": "Example.less",
			"size": 506,
			"designtime": true,
			"theme": "base"
		},
		{
			"name": "library-RTL.css",
			"size": 385,
			"theme": "base"
		},
		{
			"name": "library-parameters.json",
			"module": "zcarbonwclib/themes/base/library-parameters.json",
			"size": 2,
			"theme": "base"
		},
		{
			"name": "library.css",
			"size": 385,
			"theme": "base"
		},
		{
			"name": "library.source.less",
			"size": 143,
			"designtime": true,
			"theme": "base"
		},
		{
			"name": "resources.json",
			"size": 580
		}
	]
}