{
	"_version": "1.1.0",
	"resources": [
		{
			"name": "library-RTL.css",
			"size": 391,
			"theme": "sap_fiori_3"
		},
		{
			"name": "library-parameters.json",
			"module": "zcarbonwclib/themes/sap_fiori_3/library-parameters.json",
			"size": 2,
			"theme": "sap_fiori_3"
		},
		{
			"name": "library.css",
			"size": 391,
			"theme": "sap_fiori_3"
		},
		{
			"name": "library.source.less",
			"size": 170,
			"designtime": true,
			"theme": "sap_fiori_3"
		},
		{
			"name": "resources.json",
			"size": 521
		}
	]
}